1,Milton Swanson
2,Kari Ames
3,Dixie Rogers
4,Beth Booker
5,Erin Branch
6,Eunice Cooley
7,Trevor Wood
8,Rosa Sullivan
9,Angelo Estes
10,Erica McConnell
13,Frances Jensen
14,Alice Bentley
16,Faye Pratt
17,Luke Hand
19,Dee Morales
20,Mindy Blair
21,Stella Bright
22,Kurt Short
23,Russ Juarez
24,Ira Peters
25,Marguerite Reed
26,Cecilia Moss
27,Willard Hayden
28,Jenna Ayers
29,Oscar Simon
30,Kenneth Wallace
31,Walter Bartlett
32,Jessica Lowe
33,Eileen Randolph
34,Micheal Bullock
35,Garry Haney
36,Lillie Sanchez
38,Jared Humphrey
39,Kirsten Donahue
40,Janie Madden
41,Harriet Swanson
42,Therese Dudley
44,Silvia Potts
45,Brandon Winn
46,Pearl Minor
47,Doreen Glover
48,Bonita Irvin
49,Anne Foley
50,Jo Mullins
51,Joann Rojas
52,Nell Glass
53,Cecil Solis
54,Carrie Ryan
55,Robbie Leon
56,Cynthia Hopper
57,Cesar Frederick
58,Aurora Hess
59,Kristen Gibbs
60,Gertrude Farley
61,Adrian Potts
62,Joel Neff
63,Ruby Stanton
64,Elsa Chambers
65,Paula Kirby
66,Lonnie Stanley
67,Laverne Witt
68,Arnold Petty
69,Alberta Finley
70,Dee Larsen
71,Cecelia Middleton
72,Antoinette Boyer
73,Warren Perez
75,Margarita Haney
76,Clyde McNeil
77,Ernie Bradford
78,Darrell Horn
79,Walter Strong
80,Shirley Lloyd
81,Debra Blair
82,Clifford Shields
83,Nicholas Steele
84,Jennie Story
85,Geoffrey Philips
86,Samuel Lucas
87,Meredith Blevins
88,Norman Reid
89,Charles Soto
90,Larry Andrade
91,Kay McLaughlin
92,Allan Payne
93,Margie Austin
94,Michelle Burnett
95,Ira Medina
96,Shawn Plummer
97,Tiffany Weaver
98,Jodie Schaefer
99,Ethel Santiago
100,Hilda Vance
101,Ashley Powers
102,Lon Miller
103,Billy Levine
104,Angelina Juarez
105,Monica Bentley
106,Lorna McDaniel
107,Angelica Wise
108,Jacqueline Potts
109,Barry Daley
110,Lewis Starr
111,Roderick Hanna
112,Troy Simon
113,Samantha Jacobs
115,Deb Mercer
116,Ruth Anthony
117,Malcolm Herring
118,Lillie Lynn
119,Israel McMahon
120,Polly Craig
121,Frankie Gilmore
122,Andrea Blackburn
123,Betty Costello
124,Felicia Holt
125,Marcus Reid
126,Alberta Anthony
127,Dorothy Hand
128,Clinton Hernandez
129,Ramiro Stewart
130,Michelle Sexton
131,Mohammad Wilkins
132,Joanne Lancaster
133,Juanita Grimes
134,Stewart Ewing
135,Annette Henderson
136,Darla Horton
137,Erica Cotton
138,Wesley Hutchinson
139,Guy Turner
140,Jessie Roach
141,Lupe Leach
142,Jeremiah Calderon
143,Jason Campbell
144,Stuart Carrillo
145,Patrick Marsh
146,Marcia Sellers
147,Shaun Hardin
148,Rebbecca Sexton
149,Leah Frey
150,Laverne Levy
151,Lois Klein
152,Leticia Glenn
153,Marty Quinn
154,Bonnie Steel
155,Chris Springer
156,Roberta Roberts
157,Susie Pierce
158,Benny Wolf
159,Kristy McKinney
160,Loren Wong
161,Jayne Rhodes
162,Peter Burgess
163,Debbie Springer
164,Donnie Frey
165,Gabriel Ferris
166,Sherri Herbert
167,Jeannie Brennan
168,Laura Hutchinson
169,Ronald Henry
170,Mohammad Myers
171,Diane Daniel
172,Sandy Carlson
173,Nora Cross
174,Nate Paul
175,Barb Dean
176,Marion Sanford
177,Drew Allison
178,Arnold Douglas
179,Rene Davis
180,Blake Cohen
181,Sara Grimes
182,Genevieve Welch
183,Todd McMullen
184,Emma Raymond
185,Julius McClain
186,Gloria Hopkins
187,Young Hanna
188,Jon Clements
189,Pat Owen
190,Penny Mead
191,Melvin Pittman
192,Rhonda Douglas
193,Maribel Potter
194,Tracey Sanchez
195,Seth Howard
196,Camille Walsh
197,Phillip Lloyd
198,Josh Buchanan
199,Elias Adkins
200,Marilyn Briggs
201,Mario Erickson
202,Polly Hayes
203,Lena Edwards
204,Owen Hess
205,Milton Maldonado
206,Gregg Payne
207,William Stanley
208,Patty Ramsey
211,Mohammed Steele
212,Tonya Hart
213,Daryl Barton
214,Rudy Mathis
216,Rick Henderson
217,Vicki Wang
218,Doug Cardenas
219,Trisha Rose
220,Greg Wilcox
221,Leroy Woods
222,Mickey Stout
223,Yvette Durham
224,Frank Bradford
225,Mae Freeman
226,Darrell Kenney
227,Jay Quinn
228,Alma Pittman
229,Lillie Booker
230,Annie David
231,Sonia Horton
232,Brittany Rhodes
233,Janelle Barron
234,Jamie Key
235,Matthew Morrison
236,Carmen Benjamin
237,Lowell Macias
238,Donna Rodgers
239,Teresa Vega
240,Patsy Simms
241,Mohammad Lake
242,Carlton Kane
243,Alisha Johnston
244,Samuel Conrad
245,Susan Hyde
246,Amanda Dwyer
247,Mario Gallegos
248,Lourdes McLean
249,Melissa Farley
250,Bobbi Wiggins
251,Buddy Becker
252,Enrique Crawford
253,Dee Read
254,Carl Caldwell
255,Billy Foster
256,Carole Wall
257,Salvatore Brennan
258,Jocelyn Golden
259,Jon Richmond
260,Gabriela Katz
261,Mary McGowan
262,Penny Knapp
263,Mitch Bentley
264,Jared Yates
265,Oliver Dalton
266,Arnold Castaneda
267,Diane Minor
268,Alfredo Katz
269,Pablo Parrish
270,Damon Perez
271,Andres Berger
272,Krystal Morton
273,Natalie Browning
274,Brad Patrick
275,Jeffrey Morgan
276,Bobbie Hurst
277,Edgar Barton
278,David Clements
279,Pauline Rocha
280,Marcos Caldwell
281,Andy Larsen
282,Bradley McGowan
283,Claire Jacobs
284,Trevor Archer
285,Melvin Conway
286,Eleanor Wells
288,Ivan Jackson
289,Ross Finley
290,Donnie Hawley
291,Bonita Higgins
293,Elmer Buchanan
294,Sergio Simon
295,Juana Aguilar
296,Krista Copeland
297,Janie Russell
298,Lynda Johnston
299,Seth Jackson
300,Ana Goodrich
301,Jimmy Curran
302,Connie Huber
303,Fernando Rice
304,Gerry Allen
305,Candy Carrillo
306,Kenneth Padilla
307,Marshall Frederick
308,Gregory Murray
309,Janet Frederick
310,Troy McKinney
311,Arturo Walker
312,Janine Roberts
313,Alexandra Murray
314,Velma Perkins
315,Vickie Garza
316,Anthony Barnett
317,Johnny Willis
318,Lola Becker
319,Elena Roberson
320,Leo Hobbs
321,Carole Bryant
322,Pam John
323,Norma Watkins
324,Courtney Daniels
325,Catherine Alexander
326,Cameron Hinton
327,Martin McKnight
328,Alisha Goff
329,Mohammad Montgomery
330,Manuel Estes
331,Derrick Norman
332,Carlton Harding
333,Marvin Eldridge
334,Bert McCullough
336,George Dawson
337,Brian Cahill
338,Malcolm Kent
339,Lisa Coon
340,Jennifer McNamara
341,Kristy McLaughlin
342,Lea Salazar
343,Brett Irwin
344,Brad Donahue
345,Eva Benson
346,Jessie Duncan
347,Lynette Webster
